NodeId,BaseId,NodeCode,NodeType,Building,Room,Latitude,Longitude,Status,Notes
54497144-b6e9-426b-8912-e917eb262a8b,86e28873-4287-4ae2-bc9e-709e974ed661,C0460,Endpoint,C0460,,,,Active,"Building Name=TANKER MAINTENANCE, New Entry Conduit?=nan, Count=nan"
b90a9525-d1ef-49b0-87fe-c4f167240a9b,86e28873-4287-4ae2-bc9e-709e974ed661,C0461,Endpoint,C0461,,,,Active,"Building Name=TANKER MAINTENANCE, New Entry Conduit?=nan, Count=nan"
3da3d0d1-8052-40e0-8414-ab00ee78cde3,86e28873-4287-4ae2-bc9e-709e974ed661,D0500,Endpoint,D0500,,,,Active,"Building Name=75 SQN HQ NORTH, New Entry Conduit?=Y, Count=1.0"
2fc9b33e-5b85-43ac-8090-65deab549d8d,86e28873-4287-4ae2-bc9e-709e974ed661,D0502,Endpoint,D0502,,,,Active,"Building Name=SIMULATOR, New Entry Conduit?=nan, Count=nan"
3b910cf6-2b60-42d5-8b15-2a32830a507f,86e28873-4287-4ae2-bc9e-709e974ed661,D0503,Endpoint,D0503,,,,Active,"Building Name=AIRCRAFT LIFE SUPPORT WORKSHOP, New Entry Conduit?=nan, Count=nan"
f2db26df-bf78-46f0-9632-7611068338ec,86e28873-4287-4ae2-bc9e-709e974ed661,D0505,Endpoint,D0505,,,,Active,"Building Name=FLIGHT LINE OFFICE/GSE SHELTER, New Entry Conduit?=nan, Count=nan"
5dca81e2-bd4d-4f12-b08d-9fbc919a7e43,86e28873-4287-4ae2-bc9e-709e974ed661,D0512,Endpoint,D0512,,,,Active,"Building Name=QUALITY CONTROL LABORATORY (FUEL FARM 1), New Entry Conduit?=nan, Count=nan"
783e8241-ca7e-4924-8bd4-ba8732bb16be,86e28873-4287-4ae2-bc9e-709e974ed661,D0519,Endpoint,D0519,,,,Active,"Building Name=75 SQN HQ SOUTH, New Entry Conduit?=nan, Count=nan"
ef6b3750-fb26-4ebf-b008-bf6770f71f4d,86e28873-4287-4ae2-bc9e-709e974ed661,D0521,Endpoint,D0521,,,,Active,"Building Name=ENGINE MAINTENANCE WORKSHOP, New Entry Conduit?=nan, Count=nan"
596029fa-05f0-4c2d-9937-21bea41c85f5,86e28873-4287-4ae2-bc9e-709e974ed661,D0524,Endpoint,D0524,,,,Active,"Building Name=MAINTENANCE HANGAR OFFICE NORTH, New Entry Conduit?=nan, Count=nan"
d1f7b87f-e029-472f-8b4e-24b8c03d5c2e,86e28873-4287-4ae2-bc9e-709e974ed661,D0529,Endpoint,D0529,,,,Active,"Building Name=AVIONICS OXYGEN WORKSHOP, New Entry Conduit?=nan, Count=nan"
c2a275dc-d5d1-40ea-907a-80cadc40bdd5,86e28873-4287-4ae2-bc9e-709e974ed661,D0530,Endpoint,D0530,,,,Active,"Building Name=AVIONIC WORKSHOP, New Entry Conduit?=nan, Count=nan"
8271488e-4a08-4d51-b238-6f673f2f9898,86e28873-4287-4ae2-bc9e-709e974ed661,D0532,Endpoint,D0532,,,,Active,"Building Name=TECHNICAL SUPPORT COMPLEX, New Entry Conduit?=nan, Count=nan"
032d8b5e-e486-448f-9656-92404070f628,86e28873-4287-4ae2-bc9e-709e974ed661,D0540,Endpoint,D0540,,,,Active,"Building Name=ALTERNATICE MISSION EQUIPMENT STORE, New Entry Conduit?=nan, Count=nan"
a07e2c2e-7622-4c04-a6d1-46a4ed547afc,86e28873-4287-4ae2-bc9e-709e974ed661,D0542,Endpoint,D0542,,,,Active,"Building Name=MAINTENANCE HANGAR OFFICE SOUTH, New Entry Conduit?=nan, Count=nan"
eb19f08c-69fc-4939-af7d-c39c771b2750,86e28873-4287-4ae2-bc9e-709e974ed661,D0551,Endpoint,D0551,,,,Active,"Building Name=COMPOSITE BONDING WORKSHOP, New Entry Conduit?=nan, Count=nan"
e6a6f575-b702-4745-a52d-d29b7a7a0385,86e28873-4287-4ae2-bc9e-709e974ed661,D0553,Endpoint,D0553,,,,Active,"Building Name=SURFIN WORKSHOP, New Entry Conduit?=nan, Count=nan"
004bfd88-6e65-4f87-aba9-8cbb0327c4df,86e28873-4287-4ae2-bc9e-709e974ed661,D0611,Endpoint,D0611,,,,Active,"Building Name=ACOUSTIC SHELTER (NO.1), New Entry Conduit?=nan, Count=nan"
728f88ba-d846-44bd-918e-fc7265d28ebd,86e28873-4287-4ae2-bc9e-709e974ed661,D0621,Endpoint,D0621,,,,Active,"Building Name=ACOUSTIC SHELTER (NO.2), New Entry Conduit?=nan, Count=nan"
7e9cf0a7-9768-4e2e-923d-cd2b3d873662,86e28873-4287-4ae2-bc9e-709e974ed661,D0631,Endpoint,D0631,,,,Active,"Building Name=ACOUSTIC SHELTER (NO.3), New Entry Conduit?=nan, Count=nan"
34d11ef2-7783-4b4b-8101-b04a5b45c8d4,86e28873-4287-4ae2-bc9e-709e974ed661,D0641,Endpoint,D0641,,,,Active,"Building Name=ACOUSTIC SHELTER (NO.4), New Entry Conduit?=nan, Count=nan"
979a4568-3496-409e-8d39-776a14445be2,86e28873-4287-4ae2-bc9e-709e974ed661,D0651,Endpoint,D0651,,,,Active,"Building Name=ACOUSTIC SHELTER (NO.5), New Entry Conduit?=nan, Count=nan"
b00b033f-0809-4f47-baca-13d52d5729e7,86e28873-4287-4ae2-bc9e-709e974ed661,D0661,Endpoint,D0661,,,,Active,"Building Name=ACOUSTIC SHELTER (NO.6), New Entry Conduit?=nan, Count=nan"
34965a81-59a3-41f3-872e-0750ec34d532,86e28873-4287-4ae2-bc9e-709e974ed661,D0671,Endpoint,D0671,,,,Active,"Building Name=ACOUSTIC SHELTER (NO.7), New Entry Conduit?=nan, Count=nan"
ff81f7c2-34b9-43f5-ab92-564f75096685,86e28873-4287-4ae2-bc9e-709e974ed661,D0681,Endpoint,D0681,,,,Active,"Building Name=ACOUSTIC SHELTER (NO.8), New Entry Conduit?=nan, Count=nan"
4e79c425-f37a-41ea-9f21-637162eed94d,86e28873-4287-4ae2-bc9e-709e974ed661,D0691,Endpoint,D0691,,,,Active,"Building Name=ACOUSTIC SHELTER (NO.9), New Entry Conduit?=nan, Count=nan"
94eb3a95-1899-439b-9a06-cc56c58b86ab,86e28873-4287-4ae2-bc9e-709e974ed661,D0701,Endpoint,D0701,,,,Active,"Building Name=ACOUSTIC SHELTER (NO.10), New Entry Conduit?=nan, Count=nan"
ee4558c8-5639-49e4-b715-1b7bf71c1910,86e28873-4287-4ae2-bc9e-709e974ed661,D0711,Endpoint,D0711,,,,Active,"Building Name=ACOUSTIC SHELTER (NO.11), New Entry Conduit?=nan, Count=nan"
0dacc816-1caa-4588-9fa3-de323a673ae2,86e28873-4287-4ae2-bc9e-709e974ed661,D0721,Endpoint,D0721,,,,Active,"Building Name=ACOUSTIC SHELTER (NO.12), New Entry Conduit?=nan, Count=nan"
82b38af1-6f32-4662-8dae-5d1fb0dd9554,86e28873-4287-4ae2-bc9e-709e974ed661,D1150,Endpoint,D1150,,,,Active,"Building Name=nan, New Entry Conduit?=nan, Count=nan"
834d0db4-276f-426b-89ce-a8a372db68cc,86e28873-4287-4ae2-bc9e-709e974ed661,D1151,Endpoint,D1151,,,,Active,"Building Name=nan, New Entry Conduit?=nan, Count=nan"
f42b3376-eb2c-4fd2-a8e8-70bf34253276,86e28873-4287-4ae2-bc9e-709e974ed661,D1152,Endpoint,D1152,,,,Active,"Building Name=nan, New Entry Conduit?=nan, Count=nan"
42096957-ad3e-4b87-ba8f-f2af9e61fb3f,86e28873-4287-4ae2-bc9e-709e974ed661,D1156,Endpoint,D1156,,,,Active,"Building Name=nan, New Entry Conduit?=nan, Count=nan"
11cbf5ac-3cfd-4f39-9095-025cb27a967d,86e28873-4287-4ae2-bc9e-709e974ed661,D1158,Endpoint,D1158,,,,Active,"Building Name=nan, New Entry Conduit?=nan, Count=nan"
8cd25f86-e6ed-412f-a71e-1317a7609dfe,86e28873-4287-4ae2-bc9e-709e974ed661,E0800,Endpoint,E0800,,,,Active,"Building Name=AIR TRAFFIC CONTROL TOWER (OLD), New Entry Conduit?=nan, Count=nan"
9df3490c-c0fc-44ef-a687-c92ba20052a0,86e28873-4287-4ae2-bc9e-709e974ed661,E0801,Endpoint,E0801,,,,Active,"Building Name=APPROACH CONTROL SECTION BUILDING, New Entry Conduit?=nan, Count=nan"
d49990c6-1e6b-4e6e-bf60-50937ba223f3,86e28873-4287-4ae2-bc9e-709e974ed661,E0802,Endpoint,E0802,,,,Active,"Building Name=FIRE STATION, New Entry Conduit?=nan, Count=nan"
a30049f3-3152-4f55-93d8-e615db64899a,86e28873-4287-4ae2-bc9e-709e974ed661,E0812,Endpoint,E0812,,,,Active,"Building Name=SEARCH AND RESCUE BUILDING / CHC AVIATION, New Entry Conduit?=nan, Count=nan"
aaa610d4-c8df-4b18-ab11-904f1d0017dd,86e28873-4287-4ae2-bc9e-709e974ed661,E0816,Endpoint,E0816,,,,Active,"Building Name=nan, New Entry Conduit?=nan, Count=nan"
5adc29ee-f1a1-4ca5-bc18-ee1f8fc42f8f,86e28873-4287-4ae2-bc9e-709e974ed661,E1018,Endpoint,E1018,,,,Active,"Building Name=MARITIME TECH BUILDING, New Entry Conduit?=nan, Count=nan"
c33995c6-c501-4067-b3e0-f88083b815f6,86e28873-4287-4ae2-bc9e-709e974ed661,E1019,Endpoint,E1019,,,,Active,"Building Name=MARITIME OPS BUILDING, New Entry Conduit?=nan, Count=nan"
b87df941-b3f2-4853-aace-745b2b927d9e,86e28873-4287-4ae2-bc9e-709e974ed661,E1020,Endpoint,E1020,,,,Active,"Building Name=EOA 37 CREWROOM, New Entry Conduit?=nan, Count=nan"
56b82e1b-fdcd-4de2-ac8a-38f5e686c6d2,86e28873-4287-4ae2-bc9e-709e974ed661,E1022,Endpoint,E1022,,,,Active,"Building Name=OLA 38 CREW ROOM, New Entry Conduit?=nan, Count=nan"
f7be558c-afba-4a68-8f77-979a39498f83,86e28873-4287-4ae2-bc9e-709e974ed661,E1038,Endpoint,E1038,,,,Active,"Building Name=NEW APPROACH CONTROL SECTION, New Entry Conduit?=nan, Count=nan"
04e874c7-52df-4ca5-8c52-da1b3bc3f054,86e28873-4287-4ae2-bc9e-709e974ed661,I0560,Endpoint,I0560,,,,Active,"Building Name=75SQN ORDNANCE PREP. OFFICE GSE BUILDING, New Entry Conduit?=nan, Count=nan"
d68ba67d-d387-45ae-86d8-f504cc715c39,86e28873-4287-4ae2-bc9e-709e974ed661,PIT-0021,Pit,,,-14.505581,132.395614,Active,"Easting=219090.97, Northing=8394758.98, PitType=nan"
7d4036fb-4fb7-4fa6-8dcb-a5d8fc744004,86e28873-4287-4ae2-bc9e-709e974ed661,PIT-0022,Pit,,,-14.504778,132.394683,Active,"Easting=218989.55, Northing=8394846.73, PitType=nan"
e5b73a37-265f-4044-a5eb-6212a8e3df59,86e28873-4287-4ae2-bc9e-709e974ed661,PIT-0023,Pit,,,,,Active,"Easting=nan, Northing=nan, PitType=nan"
190dc854-7345-4b4c-b97a-5db5347d683b,86e28873-4287-4ae2-bc9e-709e974ed661,PIT-0024,Pit,,,-14.504906,132.394561,Active,"Easting=218976.55, Northing=8394832.41, PitType=nan"
ecf7773e-76c9-4147-b7a2-0f640b13835f,86e28873-4287-4ae2-bc9e-709e974ed661,PIT-0025,Pit,,,-14.518722,132.383331,Active,"Easting=217782.92, Northing=8393289.13, PitType=nan"
8b3c1211-fe25-482b-92f4-0c3bd74e19d2,86e28873-4287-4ae2-bc9e-709e974ed661,PIT-0029,Pit,,,-14.506644,132.395447,Active,"Easting=219074.3, Northing=8394641.1, PitType=nan"
4a51cd1e-8416-4fa3-bdff-4f6d408408b6,86e28873-4287-4ae2-bc9e-709e974ed661,PIT-0042,Pit,,,-14.523003,132.399078,Active,"Easting=219486.51, Northing=8392834.62, PitType=nan"
68aceebd-fc39-44ce-86d3-92eba627b0df,86e28873-4287-4ae2-bc9e-709e974ed661,PIT-0046,Pit,,,-14.508914,132.394242,Active,"Easting=218947.21, Northing=8394388.33, PitType=nan"
4c57c620-e00a-4b44-9bbb-c2d5302af7d7,86e28873-4287-4ae2-bc9e-709e974ed661,PIT-0047,Pit,,,-14.509903,132.393264,Active,"Easting=218842.98, Northing=8394277.64, PitType=nan"
b28d30bc-2c0c-4176-9839-1cf679cb843d,86e28873-4287-4ae2-bc9e-709e974ed661,PIT-0049,Pit,,,-14.509675,132.392167,Active,"Easting=218724.39, Northing=8394301.53, PitType=nan"
02ec3513-3394-425f-b05e-1b5d47f8ca89,86e28873-4287-4ae2-bc9e-709e974ed661,PIT-0051,Pit,,,-14.512092,132.394089,Active,"Easting=218934.72, Northing=8394036.34, PitType=nan"
dcd76cc1-e5e7-45b0-b47f-2fea7753d858,86e28873-4287-4ae2-bc9e-709e974ed661,PIT-0053,Pit,,,-14.514786,132.395217,Active,"Easting=219059.77, Northing=8393739.5, PitType=nan"
1708be44-129e-43a9-bf39-121f8fd776fd,86e28873-4287-4ae2-bc9e-709e974ed661,PIT-0054,Pit,,,-14.515667,132.395675,Active,"Easting=219110.27, Northing=8393642.53, PitType=nan"
5fc31715-a33d-41f8-baba-4b8c9e2e7b69,86e28873-4287-4ae2-bc9e-709e974ed661,PIT-0055,Pit,,,-14.516822,132.396653,Active,"Easting=219217.2, Northing=8393515.88, PitType=nan"
c9afab03-db75-45be-a361-0473e62fcd7d,86e28873-4287-4ae2-bc9e-709e974ed661,PIT-0057,Pit,,,-14.517797,132.397644,Active,"Easting=219325.3, Northing=8393409.16, PitType=nan"
de6fdfce-3358-4d23-a60d-912797408da9,86e28873-4287-4ae2-bc9e-709e974ed661,PIT-0064,Pit,,,-14.505431,132.395186,Active,"Easting=219044.62, Northing=8394775.06, PitType=nan"
965c1e5c-fe3a-43dd-a81c-4614d067f9aa,86e28873-4287-4ae2-bc9e-709e974ed661,PIT-0070,Pit,,,,,Active,"Easting=nan, Northing=nan, PitType=nan"
517e75a2-60ec-47ee-822c-135fd5cc5f3e,86e28873-4287-4ae2-bc9e-709e974ed661,PIT-0072,Pit,,,-14.532553,132.399186,Active,"Easting=219521.0, Northing=8392698.0, PitType=nan"
c133ecab-a1cf-492a-a9cb-a96c1c284477,86e28873-4287-4ae2-bc9e-709e974ed661,PIT-0074,Pit,,,-14.524803,132.396089,Active,"Easting=219166.45, Northing=8392631.68, PitType=nan"
4b0f6a8b-8d6d-45c5-8399-3aa965c7b588,86e28873-4287-4ae2-bc9e-709e974ed661,PIT-0075,Pit,,,-14.524753,132.396683,Active,"Easting=219230.45, Northing=8392637.95, PitType=nan"
c75aa0cc-5b5e-4bc2-964e-4f6f04af9699,86e28873-4287-4ae2-bc9e-709e974ed661,PIT-0077,Pit,,,,,Active,"Easting=nan, Northing=nan, PitType=COD"
62627b09-b332-4628-a9a8-cefeccd2ccf4,86e28873-4287-4ae2-bc9e-709e974ed661,PIT-0078,Pit,,,-14.524417,132.397858,Active,"Easting=219444.58, Northing=9173631.69, PitType=nan"
3cf09cc8-b5e4-4406-8145-515ce9cd591b,86e28873-4287-4ae2-bc9e-709e974ed661,PIT-0079,Pit,,,-14.524642,132.398239,Active,"Easting=219598.09, Northing=8392652.18, PitType=BE (FUTURE)"
10329658-cb05-4bf0-bcdc-a5f44f0bd227,86e28873-4287-4ae2-bc9e-709e974ed661,PIT-0082,Pit,,,-14.525064,132.398392,Active,"Easting=219502.93, Northing=9173593.22, PitType=nan"
5e5fdf8a-6e67-4780-9719-5fd000d84225,86e28873-4287-4ae2-bc9e-709e974ed661,PIT-0083,Pit,,,-14.525014,132.398467,Active,"Easting=219510.96, Northing=9173596.19, PitType=nan"
417309f2-1442-4370-b94e-3b167461c1db,86e28873-4287-4ae2-bc9e-709e974ed661,PIT-0085,Pit,,,-14.525631,132.398347,Active,"Easting=219498.85, Northing=9173559.54, PitType=nan"
1ea95996-54b3-44da-b7d1-874bfac7dbef,86e28873-4287-4ae2-bc9e-709e974ed661,PIT-0086,Pit,,,-14.525681,132.397781,Active,"Easting=219437.78, Northing=9173556.57, PitType=nan"
1428002b-ebf2-4e61-bec5-f91dcf213b58,86e28873-4287-4ae2-bc9e-709e974ed661,PIT-0087,Pit,,,-14.526011,132.397658,Active,"Easting=219425.02, Northing=9173536.93, PitType=nan"
967854e0-eaa9-4f83-843a-82220bf5c906,86e28873-4287-4ae2-bc9e-709e974ed661,PIT-0090,Pit,,,-14.532528,132.399217,Active,"Easting=219601.36, Northing=9173149.6, PitType=nan"
cc30dca4-65c8-482f-9647-1ec42a185d82,86e28873-4287-4ae2-bc9e-709e974ed661,PIT-0091,Pit,,,-14.533786,132.402878,Active,"Easting=219997.9, Northing=9173074.79, PitType=nan"
8f5bae50-f177-47d9-89c5-78ca686a8a5f,86e28873-4287-4ae2-bc9e-709e974ed661,PIT-0092,Pit,,,-14.533778,132.402847,Active,"Easting=219994.59, Northing=9173075.28, PitType=nan"
0ec3fb89-904e-4fef-b74a-a33763768b78,86e28873-4287-4ae2-bc9e-709e974ed661,PIT-0093,Pit,,,,,Active,"Easting=nan, Northing=nan, PitType=nan"
84e81b7f-fdea-433d-87ed-96cd36034a8f,86e28873-4287-4ae2-bc9e-709e974ed661,PIT-0096,Pit,,,-14.527692,132.396806,Active,"Easting=219335.14, Northing=9173437.06, PitType=nan"
6239c99c-49c5-49cc-87b1-cae32e5c356d,86e28873-4287-4ae2-bc9e-709e974ed661,PIT-0099,Pit,,,,,Active,"Easting=nan, Northing=nan, PitType=nan"
c68e6aeb-8754-40ab-8058-1231aabedc6d,86e28873-4287-4ae2-bc9e-709e974ed661,PIT-0100,Pit,,,-14.532978,132.402983,Active,"Easting=220008.26, Northing=9173122.83, PitType=nan"
52ea6c3b-71d1-4abc-a515-0399bcba4c68,86e28873-4287-4ae2-bc9e-709e974ed661,PIT-0101,Pit,,,,,Active,"Easting=nan, Northing=nan, PitType=nan"
99fa8689-e607-4cdd-a1de-ba46806f62a2,86e28873-4287-4ae2-bc9e-709e974ed661,PIT-0106,Pit,,,-14.532544,132.3992,Active,"Easting=219599.58, Northing=9173148.61, PitType=nan"
86f8d29e-20b0-4ae9-905d-b2b7fbfd430a,86e28873-4287-4ae2-bc9e-709e974ed661,PIT-0107,Pit,,,-14.519203,132.381683,Active,"Easting=217692.95, Northing=9173941.68, PitType=nan"
b37ffdaa-4ae1-4d1e-837c-c432bddd657c,86e28873-4287-4ae2-bc9e-709e974ed661,PIT-0108,Pit,,,-14.533067,132.401689,Active,"Easting=219868.73, Northing=9173117.56, PitType=nan"
464211f6-7174-4f69-9db2-e912d185ed0d,86e28873-4287-4ae2-bc9e-709e974ed661,PIT-0109,Pit,,,-14.532844,132.402528,Active,"Easting=219958.95, Northing=9173130.76, PitType=nan"
be698d80-1cc8-4302-a6b1-a1df9b35c989,86e28873-4287-4ae2-bc9e-709e974ed661,PIT-0622,Pit,,,-14.520081,132.399794,Active,"Easting=219647.98, Northing=9173889.37, PitType=nan"
e7b7bb80-f486-420c-82e1-f1e8f802831e,86e28873-4287-4ae2-bc9e-709e974ed661,PIT-0642,Pit,,,-14.509975,132.393569,Active,"Easting=218963.63, Northing=9174489.96, PitType=nan"
6e71966f-f9c6-492e-ae4f-61ab2b55f1f9,86e28873-4287-4ae2-bc9e-709e974ed661,PIT-0643,Pit,,,-14.511025,132.393233,Active,"Easting=218928.7, Northing=9174427.56, PitType=nan"
cb61e15f-77bb-4ed0-9a16-dd95b1659726,86e28873-4287-4ae2-bc9e-709e974ed661,PIT-0644,Pit,,,-14.513256,132.3947,Active,"Easting=219089.75, Northing=9174295.0, PitType=nan"
5e84b4b5-43fe-4dda-bb38-0d94b3389150,86e28873-4287-4ae2-bc9e-709e974ed661,PIT-0659,Pit,,,-14.525181,132.393219,Active,"Easting=218945.09, Northing=9173586.33, PitType=nan"
6efe6478-2eb3-4aaf-a0b4-a733e5421aad,86e28873-4287-4ae2-bc9e-709e974ed661,PIT-0661,Pit,,,-14.523325,132.393233,Active,"Easting=218944.24, Northing=9173696.6, PitType=nan"
d711ff8c-0350-4f91-9412-2945b29ac833,86e28873-4287-4ae2-bc9e-709e974ed661,PIT-0662,Pit,,,-14.523208,132.391358,Active,"Easting=218741.81, Northing=9173703.55, PitType=nan"
bdce054a-7916-4583-b9eb-641e75074438,86e28873-4287-4ae2-bc9e-709e974ed661,PIT-0664,Pit,,,-14.5232,132.391419,Active,"Easting=218748.4, Northing=9173704.05, PitType=YES"
92382744-c075-4119-bd48-c41eb6c65e76,86e28873-4287-4ae2-bc9e-709e974ed661,PIT-0667,Pit,,,-14.529883,132.389603,Active,"Easting=218560.87, Northing=9173306.85, PitType=nan"
83cb039d-d927-4b54-9833-41da664ea922,86e28873-4287-4ae2-bc9e-709e974ed661,PIT-0668,Pit,,,,,Active,"Easting=nan, Northing=nan, PitType=nan"
776aca54-9980-463c-910b-73300bfaa9d6,86e28873-4287-4ae2-bc9e-709e974ed661,PIT-0669,Pit,,,,,Active,"Easting=nan, Northing=nan, PitType=nan"
c9a0fe70-0c04-47b0-8882-a68fe6a0191a,86e28873-4287-4ae2-bc9e-709e974ed661,PIT-0670,Pit,,,,,Active,"Easting=nan, Northing=nan, PitType=nan"
3ae3784d-258b-4671-a8a6-ff60e58e0b6e,86e28873-4287-4ae2-bc9e-709e974ed661,PIT-0696,Pit,,,-14.518992,132.383194,Active,"Easting=217855.71, Northing=9173954.21, PitType=nan"
9f084141-e2b5-49e0-b7d8-4153a077a7ba,86e28873-4287-4ae2-bc9e-709e974ed661,PIT-0699,Pit,,,,,Active,"Easting=nan, Northing=nan, PitType=nan"
7ffe3ed2-45a1-469f-8490-d7ef5be06d88,86e28873-4287-4ae2-bc9e-709e974ed661,PIT-0725,Pit,,,,,Active,"Easting=nan, Northing=nan, PitType=nan"
306fffeb-7f1a-42de-bd0a-75e10ee2ca48,86e28873-4287-4ae2-bc9e-709e974ed661,PIT-0729,Pit,,,-14.519256,132.382889,Active,"Easting=217823.08, Northing=9173938.53, PitType=nan"
dc0b8bc8-95d7-481a-bd20-f57efe9bc17d,86e28873-4287-4ae2-bc9e-709e974ed661,PIT-0730,Pit,,,,,Active,"Easting=nan, Northing=nan, PitType=nan"
e4e78195-1927-44ed-8922-e1905ab5f7a0,86e28873-4287-4ae2-bc9e-709e974ed661,PIT-0736,Pit,,,-14.507428,132.395036,Active,"Easting=219118.66, Northing=9174641.31, PitType=nan"
05e95035-59ef-468a-8bce-cc2b07947264,86e28873-4287-4ae2-bc9e-709e974ed661,PIT-0755,Pit,,,-14.524497,132.3938,Active,"Easting=219006.86, Northing=9173626.93, PitType=nan"
ad93fad3-3c94-4053-b262-9d0c89b63a07,86e28873-4287-4ae2-bc9e-709e974ed661,PIT-0797,Pit,,,-14.5108,132.393494,Active,"Easting=218956.58, Northing=9174440.93, PitType=nan"
0e821f53-c20c-4236-a909-684f961e8fa9,86e28873-4287-4ae2-bc9e-709e974ed661,PIT-0839,Pit,,,-14.510411,132.392822,Active,"Easting=218883.57, Northing=9174464.05, PitType=nan"
beee7db9-3273-4422-a6d0-d617b7b2fda1,86e28873-4287-4ae2-bc9e-709e974ed661,PIT-0852,Pit,,,-14.524608,132.398742,Active,"Easting=219540.12, Northing=9173620.29, PitType=nan"
20a31d4f-1927-4730-b387-4fde0b80bb11,86e28873-4287-4ae2-bc9e-709e974ed661,PIT-0857,Pit,,,-14.524617,132.398758,Active,"Easting=219541.93, Northing=9173619.8, PitType=nan"
4c2e9345-c009-430c-942e-1742fcf311a2,86e28873-4287-4ae2-bc9e-709e974ed661,PIT-0864,Pit,,,-14.530881,132.397461,Active,"Easting=219409.89, Northing=9173247.52, PitType=nan"
239d2a03-6675-4ded-9bd6-7527584ec488,86e28873-4287-4ae2-bc9e-709e974ed661,PIT-0865,Pit,,,-14.531525,132.398072,Active,"Easting=219476.63, Northing=9173209.21, PitType=nan"
85322f72-b0d1-42dd-b815-0e64ac2ddf72,86e28873-4287-4ae2-bc9e-709e974ed661,PIT-0866,Pit,,,-14.526025,132.390611,Active,"Easting=218664.77, Northing=9173536.16, PitType=nan"
8d6535eb-e900-4475-9b07-55882a882306,86e28873-4287-4ae2-bc9e-709e974ed661,PIT-0877,Pit,,,,+,Active,"Easting=nan, Northing=nan, PitType=nan"
5aa9c4d0-8b52-4666-8498-afae6793b417,86e28873-4287-4ae2-bc9e-709e974ed661,PIT-0878,Pit,,,-14.518322,132.383775,Active,"Easting=217917.5, Northing=9173993.99, PitType=nan"
81504de8-0037-4aa9-84ac-640965aabd77,86e28873-4287-4ae2-bc9e-709e974ed661,PIT-0879,Pit,,,-14.518711,132.383317,Active,"Easting=217868.54, Northing=9173970.88, PitType=nan"
e7ca6017-4cd8-43e8-8bad-e302b370b5c2,86e28873-4287-4ae2-bc9e-709e974ed661,PIT-0880,Pit,,,-14.519211,132.382903,Active,"Easting=217824.52, Northing=9173941.17, PitType=nan"
b2137281-d5a1-4b54-aba7-f959a0c17c42,86e28873-4287-4ae2-bc9e-709e974ed661,PIT-0881,Pit,,,,,Active,"Easting=nan, Northing=nan, PitType=nan"
9b546546-3079-4d5c-a125-7519d6935bf2,86e28873-4287-4ae2-bc9e-709e974ed661,PIT-0911,Pit,,,-14.52455,132.393233,Active,"Easting=218945.79, Northing=9173623.8, PitType=YES"
d97536be-3ce0-4049-9883-5546d26d98c7,86e28873-4287-4ae2-bc9e-709e974ed661,PIT-0913,Pit,,,,,Active,"Easting=nan, Northing=nan, PitType=nan"
21a693b3-faef-41c2-9ee5-71b1a3d264cb,86e28873-4287-4ae2-bc9e-709e974ed661,PIT-0914,Pit,,,-14.526794,132.393356,Active,"Easting=218961.82, Northing=9173490.41, PitType=nan"
cefe1526-f671-4f7e-a454-5748172fe9cc,86e28873-4287-4ae2-bc9e-709e974ed661,PIT-0915,Pit,,,-14.522842,132.390075,Active,"Easting=218602.9, Northing=9173725.35, PitType=nan"
e240c6e2-c299-4f88-8d56-af9e805fb8a2,86e28873-4287-4ae2-bc9e-709e974ed661,PIT-0916,Pit,,,-14.524581,132.391525,Active,"Easting=218761.53, Northing=9173622.0, PitType=nan"
799c2cc1-c41a-4896-a1f4-dba7db646e59,86e28873-4287-4ae2-bc9e-709e974ed661,PIT-0919,Pit,,,-14.525875,132.389389,Active,"Easting=218532.72, Northing=9173545.08, PitType=nan"
18fcef04-2dcb-4e40-9f70-398dfc924058,86e28873-4287-4ae2-bc9e-709e974ed661,PIT-0920,Pit,,,-14.525853,132.389542,Active,"Easting=218549.17, Northing=9173546.4, PitType=nan"
7d122edd-e489-4755-8f9e-60ff875f7b7a,86e28873-4287-4ae2-bc9e-709e974ed661,PIT-0921,Pit,,,-14.527561,132.390183,Active,"Easting=218620.56, Northing=9173444.87, PitType=nan"
6bd06b0c-7ede-4c4e-ba4b-db63ce91b88d,86e28873-4287-4ae2-bc9e-709e974ed661,PIT-0922,Pit,,,-14.528467,132.3891,Active,"Easting=218504.84, Northing=9173391.05, PitType=nan"
b4644c2f-c3a1-4566-b2f7-d9f32bcba871,86e28873-4287-4ae2-bc9e-709e974ed661,PIT-0923,Pit,,,-14.528825,132.391783,Active,"Easting=218794.77, Northing=9173369.74, PitType=nan"
0e851259-fa97-4dc2-9f0e-893db2d8f981,86e28873-4287-4ae2-bc9e-709e974ed661,PIT-0924,Pit,,,-14.529906,132.389694,Active,"Easting=218570.79, Northing=9173305.53, PitType=nan"
ea7fa0b9-bdb2-4bec-ae1d-8e957f2c3b02,86e28873-4287-4ae2-bc9e-709e974ed661,PIT-0926,Pit,,,-14.531281,132.391694,Active,"Easting=218788.29, Northing=9173223.79, PitType=nan"
1e6dcac5-99c4-4156-b513-7e0598f489a3,86e28873-4287-4ae2-bc9e-709e974ed661,PIT-0927,Pit,,,-14.530644,132.393356,Active,"Easting=218966.69, Northing=9173261.59, PitType=nan"
c11ab5eb-e258-40b6-909f-1c04d8ab85eb,86e28873-4287-4ae2-bc9e-709e974ed661,PIT-0928,Pit,,,-14.528444,132.393586,Active,"Easting=218988.77, Northing=9173392.34, PitType=nan"
8359f93d-af1d-4e85-b021-e5bb0f14c826,86e28873-4287-4ae2-bc9e-709e974ed661,PIT-0949,Pit,,,-14.531975,132.398575,Active,"Easting=219531.44, Northing=9173182.46, PitType=nan"
0a971403-a7d2-45b2-8f02-667d62d2d75a,86e28873-4287-4ae2-bc9e-709e974ed661,PIT-0950,Pit,,,-14.533061,132.400817,Active,"Easting=219774.63, Northing=9173117.89, PitType=nan"
8651c8b0-010e-4056-ac6d-e7449b462acf,86e28873-4287-4ae2-bc9e-709e974ed661,PIT-0988,Pit,,,-14.520672,132.394378,Active,"Easting=219064.36, Northing=9173854.25, PitType=nan"
fc9cd141-cf35-460e-8cbb-f562baf4a355,86e28873-4287-4ae2-bc9e-709e974ed661,PIT-0995,Pit,,,-14.520894,132.392625,Active,"Easting=218875.54, Northing=9173841.06, PitType=nan"
86dc4e09-32ac-4dae-beae-74f49e136626,86e28873-4287-4ae2-bc9e-709e974ed661,PIT-0996,Pit,,,-14.520942,132.392594,Active,"Easting=218872.3, Northing=9173838.25, PitType=nan"
1801026b-8a1b-4271-8df8-7fadb4fe6f4d,86e28873-4287-4ae2-bc9e-709e974ed661,PIT-1000,Pit,,,-14.522403,132.397264,Active,"Easting=219377.91, Northing=9173751.38, PitType=nan"
14685689-3b1a-4577-b589-2d6dfab837d7,86e28873-4287-4ae2-bc9e-709e974ed661,PIT-1016,Pit,,,-14.524575,132.399064,Active,"Easting=219574.84, Northing=9173622.27, PitType=nan"
f43f537c-d8ae-43b7-a493-ee384b3bd3e5,86e28873-4287-4ae2-bc9e-709e974ed661,PIT-1017,Pit,,,-14.524633,132.398453,Active,"Easting=219508.98, Northing=9173618.81, PitType=nan"
0b094dff-89f5-42de-a0a9-508dd7edfebb,86e28873-4287-4ae2-bc9e-709e974ed661,PIT-1018,Pit,,,-14.525072,132.398497,Active,"Easting=219514.33, Northing=9173592.72, PitType=nan"
8f4fe41c-180d-4342-99ea-5b4ff664ed55,86e28873-4287-4ae2-bc9e-709e974ed661,PIT-1019,Pit,,,-14.525689,132.398422,Active,"Easting=219507.02, Northing=9173556.07, PitType=nan"
9d4cf632-df48-482b-a38c-78c0f708cfb9,86e28873-4287-4ae2-bc9e-709e974ed661,PIT-1027,Pit,,,-14.519233,132.382631,Active,"Easting=217795.18, Northing=9173939.85, PitType=nan"
8d4fe4d5-260d-456a-a277-eacdc19bdbcc,86e28873-4287-4ae2-bc9e-709e974ed661,PIT-1028,Pit,,,,,Active,"Easting=nan, Northing=nan, PitType=nan"
af886cd5-be88-4e0d-b375-b64e8623d879,86e28873-4287-4ae2-bc9e-709e974ed661,PIT-1029,Pit,,,-14.519214,132.382981,Active,"Easting=217832.92, Northing=9173941.01, PitType=nan"
8e402bb9-2a8b-4122-89f9-066257610926,86e28873-4287-4ae2-bc9e-709e974ed661,PIT-1030,Pit,,,,,Active,"Easting=nan, Northing=nan, PitType=nan"
67618be8-2bb0-4794-bb39-3cbdea1dfe70,86e28873-4287-4ae2-bc9e-709e974ed661,PIT-1031,Pit,,,-14.518061,132.384108,Active,"Easting=217953.13, Northing=9174009.5, PitType=nan"
7c95c0a1-c9af-4a4d-b584-fd4e4888e5df,86e28873-4287-4ae2-bc9e-709e974ed661,PIT-1032,Pit,,,-14.517675,132.38475,Active,"Easting=218021.86, Northing=9174032.45, PitType=nan"
518a4bf8-9b9b-425a-bb7a-d1df3b9b3070,86e28873-4287-4ae2-bc9e-709e974ed661,PIT-1034,Pit,,,-14.517897,132.386094,Active,"Easting=218167.19, Northing=9174019.23, PitType=nan"
65d5c6d2-e658-411e-b531-1f21cefe4964,86e28873-4287-4ae2-bc9e-709e974ed661,PIT-1035,Pit,,,-14.517858,132.386336,Active,"Easting=218193.22, Northing=9174021.54, PitType=nan"
2b7da02c-8338-43bc-ab78-30bec90dce96,86e28873-4287-4ae2-bc9e-709e974ed661,PIT-1036,Pit,,,-14.517839,132.3871,Active,"Easting=218275.61, Northing=9174022.69, PitType=nan"
4fd1a5af-3207-4cb3-887c-064f190741c1,86e28873-4287-4ae2-bc9e-709e974ed661,PIT-1037,Pit,,,-14.517928,132.388,Active,"Easting=218372.82, Northing=9174017.4, PitType=nan"
75bb4b97-6164-4c5a-9569-4590e5ac29e6,86e28873-4287-4ae2-bc9e-709e974ed661,PIT-1038,Pit,,,-14.518,132.388794,Active,"Easting=218458.62, Northing=9174013.1, PitType=nan"
af912781-6da5-4ca9-b357-b9d0daae35d6,86e28873-4287-4ae2-bc9e-709e974ed661,PIT-1039,Pit,,,-14.518025,132.389222,Active,"Easting=218504.8, Northing=9174011.61, PitType=nan"
0479d185-6dee-4e8d-b4bf-bbc94cf6b254,86e28873-4287-4ae2-bc9e-709e974ed661,PIT-1040,Pit,,,-14.518164,132.390244,Active,"Easting=218615.26, Northing=9174003.35, PitType=nan"
1004c7a7-63cb-409c-b740-934fdcd1ea58,86e28873-4287-4ae2-bc9e-709e974ed661,PIT-1041,Pit,,,-14.518672,132.390931,Active,"Easting=218689.92, Northing=9173973.13, PitType=nan"
33aa0730-d99d-4221-8628-a8839f959245,86e28873-4287-4ae2-bc9e-709e974ed661,PIT-1042,Pit,,,-14.518917,132.391006,Active,"Easting=218698.32, Northing=9173958.61, PitType=nan"
75ac8552-4018-460d-99ab-e72ecfe6b8c5,86e28873-4287-4ae2-bc9e-709e974ed661,PIT-1043,Pit,,,-14.519322,132.392028,Active,"Easting=218809.12, Northing=9173934.5, PitType=nan"
9fea4c07-4a7d-45e9-a366-6ff62c6bd1fe,86e28873-4287-4ae2-bc9e-709e974ed661,PIT-1044,Pit,,,-14.521725,132.396119,Active,"Easting=219253.58, Northing=9173791.67, PitType=nan"
b13e5769-7db9-4227-863d-5db0ca9530e5,86e28873-4287-4ae2-bc9e-709e974ed661,PIT-1045,Pit,,,,,Active,"Easting=nan, Northing=nan, PitType=nan"
6364d032-a5ca-4743-9034-b4fb94d3ec4e,86e28873-4287-4ae2-bc9e-709e974ed661,PIT-1046,Pit,,,,,Active,"Easting=nan, Northing=nan, PitType=nan"
f3b87125-f0f0-4195-9351-08891961fa25,86e28873-4287-4ae2-bc9e-709e974ed661,PIT-1047,Pit,,,,,Active,"Easting=nan, Northing=nan, PitType=nan"
3c2f9db2-1e86-44aa-a753-0a9d265a6be9,86e28873-4287-4ae2-bc9e-709e974ed661,PIT-1048,Pit,,,,,Active,"Easting=nan, Northing=nan, PitType=nan"
8c9cb90c-db0f-478f-ac27-321de173610b,86e28873-4287-4ae2-bc9e-709e974ed661,PIT-1049,Pit,,,,,Active,"Easting=nan, Northing=nan, PitType=nan"
e1a461a7-58f6-4950-935d-a313b70a99f0,86e28873-4287-4ae2-bc9e-709e974ed661,PIT-1050,Pit,,,-14.519925,132.393081,Active,"Easting=218923.46, Northing=9173898.67, PitType=nan"
4c8d91a8-9b93-4cb3-8302-0ea3eddd68cd,86e28873-4287-4ae2-bc9e-709e974ed661,PIT-1051,Pit,,,,,Active,"Easting=nan, Northing=nan, PitType=nan"
652871cb-064a-4c93-8c7f-6688e1ca9064,86e28873-4287-4ae2-bc9e-709e974ed661,PIT-1052,Pit,,,,,Active,"Easting=nan, Northing=nan, PitType=nan"
6a6e77ac-e45b-4e5b-b2bc-50971174da85,86e28873-4287-4ae2-bc9e-709e974ed661,PIT-1053,Pit,,,,,Active,"Easting=nan, Northing=nan, PitType=nan"
42c539dc-00e8-4554-a45e-f52153ebfd34,86e28873-4287-4ae2-bc9e-709e974ed661,PIT-1054,Pit,,,,,Active,"Easting=nan, Northing=nan, PitType=nan"
5adf4c9e-9480-49f6-af88-6dd295ff036b,86e28873-4287-4ae2-bc9e-709e974ed661,PIT-1055,Pit,,,-14.51925,132.3824,Active,"Easting=217770.33, Northing=9173938.86, PitType=nan"
22e117b4-e282-4b05-8ed4-05d5db3ca136,86e28873-4287-4ae2-bc9e-709e974ed661,PIT-1056,Pit,,,-14.520556,132.394119,Active,"Easting=219036.34, Northing=9173861.19, PitType=nan"
b99ac110-6205-4308-8739-00de2a926335,86e28873-4287-4ae2-bc9e-709e974ed661,PIT-1058,Pit,,,-14.522711,132.399278,Active,"Easting=219595.56, Northing=9173733.04, PitType=nan"
1d35c662-f0b2-4ff3-9dbc-d10917ae2604,86e28873-4287-4ae2-bc9e-709e974ed661,PIT-1059,Pit,,,-14.522983,132.399078,Active,"Easting=219574.33, Northing=9173716.86, PitType=nan"
2f04e9ad-d453-4a0c-a1fa-03f6744fe95b,86e28873-4287-4ae2-bc9e-709e974ed661,PIT-1229,Pit,,,-14.525356,132.397383,Active,"Easting=219394.52, Northing=9173575.89, PitType=nan"
824eb8ff-2efe-4b92-946f-8d7e83660bc1,86e28873-4287-4ae2-bc9e-709e974ed661,PIT-1231,Pit,,,,,Active,"Easting=nan, Northing=nan, PitType=nan"
1e9f5a1e-ef2d-40f9-8bd2-89f24788c3ec,86e28873-4287-4ae2-bc9e-709e974ed661,PIT-1246,Pit,,,-14.528472,132.397536,Active,"Easting=219414.94, Northing=9173390.66, PitType=nan"
1723aac9-40f0-494e-8bdd-25cbfc8e6754,86e28873-4287-4ae2-bc9e-709e974ed661,PIT-1250,Pit,,,-14.529053,132.395722,Active,"Easting=219219.99, Northing=9173356.17, PitType=nan"
c4a631f1-663d-419f-9359-02cd1c253a66,86e28873-4287-4ae2-bc9e-709e974ed661,PIT-1251,Pit,,,-14.529628,132.395736,Active,"Easting=219222.21, Northing=9173321.99, PitType=nan"
6ddf1552-5bcd-4c5a-beb2-32d29c33b055,86e28873-4287-4ae2-bc9e-709e974ed661,PIT-1252,Pit,,,-14.529483,132.394883,Active,"Easting=219130.03, Northing=9173330.58, PitType=nan"
4fcad186-e9bd-4cfe-b2c1-cc2dedada14d,86e28873-4287-4ae2-bc9e-709e974ed661,PIT-1255,Pit,,,-14.528011,132.396317,Active,"Easting=219282.8, Northing=9173418.07, PitType=nan"
9ab1d139-70e6-44d4-9d24-d711417f877b,86e28873-4287-4ae2-bc9e-709e974ed661,PIT-1286,Pit,,,-14.530419,132.396989,Active,"Easting=219358.36, Northing=9173274.93, PitType=nan"
0a1929df-095e-4ddf-8401-21c99ed7b18f,86e28873-4287-4ae2-bc9e-709e974ed661,PIT-1287,Pit,,,-14.530722,132.397278,Active,"Easting=219389.91, Northing=9173256.93, PitType=nan"
f3ffc618-5963-488c-a182-253645bdd118,86e28873-4287-4ae2-bc9e-709e974ed661,PIT-1288,Pit,,,,,Active,"Easting=nan, Northing=nan, PitType=nan"
9a5ff9bd-1fb1-48ee-b999-20830a1e3470,86e28873-4287-4ae2-bc9e-709e974ed661,PIT-1289,Pit,,,,,Active,"Easting=nan, Northing=nan, PitType=nan"
28321858-7efd-4759-88b7-3f0dbc84b12d,86e28873-4287-4ae2-bc9e-709e974ed661,PIT-1311,Pit,,,-14.528192,132.397719,Active,"Easting=219434.36, Northing=9173407.33, PitType=nan"
c8b63dbe-334a-4b27-922d-b2e20f5982b8,86e28873-4287-4ae2-bc9e-709e974ed661,PIT-1313,Pit,,,-14.528025,132.397353,Active,"Easting=219394.6, Northing=9173417.24, PitType=nan"
ddb9763f-0fdb-402e-87af-696a2793b260,86e28873-4287-4ae2-bc9e-709e974ed661,PIT-1314,Pit,,,-14.527714,132.397247,Active,"Easting=219382.82, Northing=9173435.73, PitType=nan"
e5966fd6-3be2-41c2-be62-62096c59b8bd,86e28873-4287-4ae2-bc9e-709e974ed661,PIT-1316,Pit,,,-14.527217,132.397264,Active,"Easting=219383.99, Northing=9173465.28, PitType=nan"
b9935f4d-76c5-47f4-8638-f780bdb77251,86e28873-4287-4ae2-bc9e-709e974ed661,PIT-1317,Pit,,,-14.526978,132.397339,Active,"Easting=219391.77, Northing=9173479.48, PitType=nan"
28406b5a-633c-471a-934c-6dd71312bc47,86e28873-4287-4ae2-bc9e-709e974ed661,PIT-1318,Pit,,,,,Active,"Easting=nan, Northing=nan, PitType=nan"
cd4c5456-ec3a-4a0f-b6a7-ab8bcf16a6a9,86e28873-4287-4ae2-bc9e-709e974ed661,PIT-1319,Pit,,,-14.528306,132.398317,Active,"Easting=219498.93, Northing=9173400.56, PitType=nan"
e5067914-7292-403e-ab80-d250349d2f2d,86e28873-4287-4ae2-bc9e-709e974ed661,PIT-1320,Pit,,,-14.527269,132.397475,Active,"Easting=219406.83, Northing=9173462.14, PitType=nan"
07bd0a77-e2bc-49df-a9e3-0a36449c19bd,86e28873-4287-4ae2-bc9e-709e974ed661,PIT-1336,Pit,,,-14.525461,132.399125,Active,"Easting=219582.55, Northing=9173569.61, PitType=nan"
00ea420e-25e0-42c6-8a67-298a9727a492,86e28873-4287-4ae2-bc9e-709e974ed661,PIT-1354,Pit,,,-14.529717,132.396119,Active,"Easting=219263.68, Northing=9173316.71, PitType=nan"
4f9a2a22-84b6-4c2a-8aa2-41013f18954b,86e28873-4287-4ae2-bc9e-709e974ed661,PIT-1414,Pit,,,-14.509594,132.392717,Active,"Easting=218871.15, Northing=9174512.58, PitType=nan"
c703dd2c-3133-4ded-8b4a-bee94a4c34e8,86e28873-4287-4ae2-bc9e-709e974ed661,PIT-1473,Pit,,,-14.510014,132.391769,Active,"Easting=218769.48, Northing=9174487.66, PitType=nan"
3cd092b6-bb55-4b6b-acd0-f85d269ad42a,86e28873-4287-4ae2-bc9e-709e974ed661,PIT-1502,Pit,,,-14.510119,132.391647,Active,"Easting=218756.43, Northing=9174481.39, PitType=nan"
87b60583-67b7-4870-aa3a-d98c7072d01a,86e28873-4287-4ae2-bc9e-709e974ed661,PIT-1503,Pit,,,-14.509472,132.391603,Active,"Easting=218750.81, Northing=9174519.85, PitType=nan"
3ffa27ef-0f4f-49a4-aee2-9d1d0385ecd0,86e28873-4287-4ae2-bc9e-709e974ed661,PIT-1505,Pit,,,-14.509083,132.391739,Active,"Easting=218765.01, Northing=9174542.96, PitType=nan"
cb6661ac-31d9-4d4a-9ce8-e5387c589c45,86e28873-4287-4ae2-bc9e-709e974ed661,PIT-1506,Pit,,,-14.509106,132.392456,Active,"Easting=218842.36, Northing=9174541.63, PitType=nan"
de280a34-565a-4e4f-b8d5-39eafce4bc56,86e28873-4287-4ae2-bc9e-709e974ed661,PIT-1507,Pit,,,-14.509308,132.392503,Active,"Easting=218847.71, Northing=9174529.58, PitType=nan"
0017adff-f234-40b3-887e-315bc50f2648,86e28873-4287-4ae2-bc9e-709e974ed661,PIT-1508,Pit,,,-14.509125,132.393936,Active,"Easting=219002.12, Northing=9174540.46, PitType=nan"
dedf0a45-8ebc-4a0c-b899-4f18ff3c34b3,86e28873-4287-4ae2-bc9e-709e974ed661,PIT-1548,Pit,,,-14.520328,132.400558,Active,"Easting=219730.71, Northing=9173874.67, PitType=nan"
860d55c1-a024-40e5-bee6-2c13c9a51b97,86e28873-4287-4ae2-bc9e-709e974ed661,PIT-1550,Pit,,,-14.520361,132.400436,Active,"Easting=219717.56, Northing=9173872.69, PitType=nan"
136df0d9-ead8-422d-9d4d-e14aa7902dd6,86e28873-4287-4ae2-bc9e-709e974ed661,PIT-1551,Pit,,,-14.52055,132.400253,Active,"Easting=219698.02, Northing=9173861.47, PitType=nan"
a3253bbf-a9c9-4463-bd05-8de5118b633b,86e28873-4287-4ae2-bc9e-709e974ed661,PIT-1552,Pit,,,-14.520658,132.400056,Active,"Easting=219676.88, Northing=9173855.03, PitType=nan"
cbd4ce31-91dd-40b2-a781-9b9dc12c7691,86e28873-4287-4ae2-bc9e-709e974ed661,PIT-1553,Pit,,,-14.522219,132.400283,Active,"Easting=219703.42, Northing=9173762.25, PitType=nan"
0a43c92b-b9ae-4875-8b7f-2d92cea1803e,86e28873-4287-4ae2-bc9e-709e974ed661,PIT-1555,Pit,,,-14.523181,132.399903,Active,"Easting=219663.58, Northing=9173705.14, PitType=nan"
6d90d0a8-985a-48b4-932d-93722978013c,86e28873-4287-4ae2-bc9e-709e974ed661,PIT-1556,Pit,,,-14.523247,132.399719,Active,"Easting=219643.89, Northing=9173701.18, PitType=nan"
87901a7c-d37e-49f7-af0d-234ea1734896,86e28873-4287-4ae2-bc9e-709e974ed661,PIT-1557,Pit,,,-14.522847,132.399033,Active,"Easting=219569.36, Northing=9173724.95, PitType=nan"
0daffbca-b035-4da0-8d3d-7e0b866944a3,86e28873-4287-4ae2-bc9e-709e974ed661,PIT-1588,Pit,,,-14.526389,132.390853,Active,"Easting=218691.3, Northing=9173514.53, PitType=nan"
06af2161-6c6f-4f66-aa32-56168e91976d,86e28873-4287-4ae2-bc9e-709e974ed661,PIT-1589,Pit,,,-14.527086,132.391358,Active,"Easting=218746.72, Northing=9173473.09, PitType=nan"
3821ec82-69ba-4c38-aea6-90566f598971,86e28873-4287-4ae2-bc9e-709e974ed661,PIT-1590,Pit,,,-14.527486,132.391297,Active,"Easting=218740.63, Northing=9173449.31, PitType=nan"
2085cfa6-cb6e-4610-b1a9-c50edef37c58,86e28873-4287-4ae2-bc9e-709e974ed661,PIT-1591,Pit,,,-14.527922,132.391175,Active,"Easting=218728.0, Northing=9173423.4, PitType=nan"
4a682c96-e169-4107-82cc-3fbfd2a39e5c,86e28873-4287-4ae2-bc9e-709e974ed661,PIT-1592,Pit,,,-14.529006,132.391678,Active,"Easting=218783.61, Northing=9173359.01, PitType=nan"
bce1e378-aabd-45c6-bc03-c4143bbe4bd6,86e28873-4287-4ae2-bc9e-709e974ed661,PIT-1593,Pit,,,-14.523703,132.390975,Active,"Easting=218701.08, Northing=9173674.17, PitType=nan"
8b66ad20-fd27-4c72-8ac0-03aaa0c9f4b2,86e28873-4287-4ae2-bc9e-709e974ed661,PIT-1594,Pit,,,-14.524461,132.390686,Active,"Easting=218670.88, Northing=9173629.1, PitType=nan"
53235a7e-a19e-40f0-bf26-0ba4511ef680,86e28873-4287-4ae2-bc9e-709e974ed661,PIT-1595,Pit,,,-14.524875,132.390992,Active,"Easting=218704.37, Northing=9173604.5, PitType=nan"
052c7587-ffa4-4da9-a428-bc2ca338042c,86e28873-4287-4ae2-bc9e-709e974ed661,PIT-1596,Pit,,,-14.525706,132.390686,Active,"Easting=218672.45, Northing=9173555.14, PitType=nan"
1a45c41c-2e97-4549-a228-0e3b555bba69,86e28873-4287-4ae2-bc9e-709e974ed661,PIT-1597,Pit,,,-14.528983,132.391633,Active,"Easting=218778.79, Northing=9173360.33, PitType=nan"
eeae18a4-5f8d-4b48-bc6b-8e29e0d2a722,86e28873-4287-4ae2-bc9e-709e974ed661,PIT-1598,Pit,,,-14.529933,132.39082200000001,Active,"Easting=218692.49, Northing=9173303.87, PitType=nan"
81e3289e-d3da-4a5c-a078-d6c268f1375e,86e28873-4287-4ae2-bc9e-709e974ed661,PIT-1599,Pit,,,-14.530708,132.390336,Active,"Easting=218641.03, Northing=9173257.81, PitType=nan"
20017011-4a50-4707-b7c2-ad4e0959f39e,86e28873-4287-4ae2-bc9e-709e974ed661,PIT-1600,Pit,,,-14.531214,132.390031,Active,"Easting=218608.71, Northing=9173227.77, PitType=nan"
4a417939-67f2-48d1-9b4b-58f9064f094e,86e28873-4287-4ae2-bc9e-709e974ed661,PIT-1601,Pit,,,-14.531317,132.390275,Active,"Easting=218635.21, Northing=9173221.66, PitType=nan"
695df4ef-75a9-4b72-a1cf-d06508bba14b,86e28873-4287-4ae2-bc9e-709e974ed661,PIT-1622,Pit,,,-14.5233,132.391328,Active,"Easting=218738.63, Northing=9173698.1, PitType=nan"
967d2d34-e02e-4334-baf3-708a6ef4d87e,86e28873-4287-4ae2-bc9e-709e974ed661,PIT-1623,Pit,,,-14.523144,132.391389,Active,"Easting=218745.03, Northing=9173707.35, PitType=nan"
e6b9baf7-09fc-4402-bbe4-2061c27da2d9,86e28873-4287-4ae2-bc9e-709e974ed661,PIT-1624,Pit,,,-14.523375,132.391525,Active,"Easting=218760.01, Northing=9173693.65, PitType=nan"
7097668a-b771-42fe-9cef-4c0e3d1001fe,86e28873-4287-4ae2-bc9e-709e974ed661,PIT-1625,Pit,,,-14.522044,132.390367,Active,"Easting=218633.36, Northing=9173772.73, PitType=nan"
cb87200e-43da-4dd6-b958-e25186b8d2fa,86e28873-4287-4ae2-bc9e-709e974ed661,PIT-1627,Pit,,,-14.525289,132.393158,Active,"Easting=218938.63, Northing=9173579.89, PitType=nan"
09909cc7-11a7-4121-afaa-90425c8e77be,86e28873-4287-4ae2-bc9e-709e974ed661,PIT-1630,Pit,,,-14.524375,132.394028,Active,"Easting=219031.28, Northing=9173634.19, PitType=nan"
1a89888b-7fe7-468d-ae76-f3a2064eb53e,86e28873-4287-4ae2-bc9e-709e974ed661,PIT-1631,Pit,,,-14.523719,132.393831,Active,"Easting=219009.17, Northing=9173673.16, PitType=nan"
04760c73-0d1d-40ce-a79e-210df5d9b896,86e28873-4287-4ae2-bc9e-709e974ed661,PIT-1632,Pit,,,-14.523372,132.393386,Active,"Easting=218960.78, Northing=9173693.8, PitType=nan"
1b52a130-1b28-45b1-8d10-8ef43d2197b6,86e28873-4287-4ae2-bc9e-709e974ed661,PIT-1633,Pit,,,-14.523417,132.39325,Active,"Easting=218946.16, Northing=9173691.16, PitType=nan"
5d8ea831-843b-4806-b2bf-c1830b9c12e4,86e28873-4287-4ae2-bc9e-709e974ed661,PIT-1635,Pit,,,-14.523122,132.391372,Active,"Easting=218743.2, Northing=9173708.67, PitType=nan"
85a682bc-3b28-4c52-b9df-1fe034169ad1,86e28873-4287-4ae2-bc9e-709e974ed661,PIT-1645,Pit,,,,,Active,"Easting=nan, Northing=nan, PitType=nan"
4c0ad587-71fa-4633-8557-5c1b59d8e546,86e28873-4287-4ae2-bc9e-709e974ed661,PIT-1646,Pit,,,,,Active,"Easting=nan, Northing=nan, PitType=nan"
01c85f8e-b371-4cf0-abed-96d68e71c4c3,86e28873-4287-4ae2-bc9e-709e974ed661,PIT-1647,Pit,,,,,Active,"Easting=nan, Northing=nan, PitType=nan"
00b4e44c-1c5a-4115-bce0-76168a092605,86e28873-4287-4ae2-bc9e-709e974ed661,PIT-1648,Pit,,,,,Active,"Easting=nan, Northing=nan, PitType=nan"
f7449d8c-ec37-4234-bc0a-46e1a79dc4c4,86e28873-4287-4ae2-bc9e-709e974ed661,PIT-1649,Pit,,,-14.533183,132.402497,Active,"Easting=219956.08, Northing=9173110.62, PitType=nan"
4e7a1a6c-6054-4185-b961-dba0fd69fdb2,86e28873-4287-4ae2-bc9e-709e974ed661,PIT-1650,Pit,,,,,Active,"Easting=nan, Northing=nan, PitType=nan"
c721a750-09e9-4805-8192-f669df1e5d77,86e28873-4287-4ae2-bc9e-709e974ed661,PIT-1761,Pit,,,,,Active,"Easting=nan, Northing=nan, PitType=nan"
c8be70ce-1180-4f86-b0a6-934b36870e13,86e28873-4287-4ae2-bc9e-709e974ed661,PIT-1786,Pit,,,,,Active,"Easting=nan, Northing=nan, PitType=nan"
3ff1fc90-58fe-4129-8a10-0a1b42b4ea96,86e28873-4287-4ae2-bc9e-709e974ed661,PIT-1787,Pit,,,-14.524575,132.399125,Active,"Easting=219581.43, Northing=9173622.27, PitType=nan"
e8a647e0-2dd5-4b20-85d3-e2e374bebd35,86e28873-4287-4ae2-bc9e-709e974ed661,PIT-1788,Pit,,,-14.525361,132.399156,Active,"Easting=219585.72, Northing=9173575.55, PitType=nan"
cdb472ec-4995-457a-ba07-793f85e36bf2,86e28873-4287-4ae2-bc9e-709e974ed661,PIT-1789,Pit,,,-14.526172,132.399156,Active,"Easting=219586.74, Northing=9173527.34, PitType=nan"
48a995bc-1346-40a1-a63e-c773f11246c6,86e28873-4287-4ae2-bc9e-709e974ed661,PIT-1790,Pit,,,-14.526828,132.399078,Active,"Easting=219579.18, Northing=9173488.38, PitType=nan"
2db2eb14-f36c-44c2-a8f8-27b909d7ab11,86e28873-4287-4ae2-bc9e-709e974ed661,PIT-1791,Pit,,,-14.527311,132.399033,Active,"Easting=219574.99, Northing=9173459.66, PitType=nan"
0a3fe23c-5c67-45dc-90c0-24a9d45f179e,86e28873-4287-4ae2-bc9e-709e974ed661,PIT-1793,Pit,,,-14.524614,132.394867,Active,"Easting=219122.08, Northing=9173619.99, PitType=nan"
1963a2f8-1b9b-4435-8fd5-33ff1f3e1399,86e28873-4287-4ae2-bc9e-709e974ed661,PIT-1794,Pit,,,-14.524608,132.395631,Active,"Easting=219204.48, Northing=9173620.32, PitType=nan"
40c7384d-4820-400b-a053-79a8ec6132c7,86e28873-4287-4ae2-bc9e-709e974ed661,PIT-1809,Pit,,,-14.523461,132.400117,Active,"Easting=219687.01, Northing=9173688.46, PitType=nan"
d3f660e5-245f-4976-bdd3-0c1083429c28,86e28873-4287-4ae2-bc9e-709e974ed661,PIT-1953,Pit,,,-14.507131,132.395447,Active,"Easting=219162.64, Northing=9174658.97, PitType=nan"
3f29c5b0-fb04-4aea-b5c9-1676efd49918,86e28873-4287-4ae2-bc9e-709e974ed661,PIT-1956,Pit,,,-14.507883,132.394897,Active,"Easting=219104.25, Northing=9174614.24, PitType=nan"
834a270b-b2f3-4d99-9e64-6cfea844c77a,86e28873-4287-4ae2-bc9e-709e974ed661,PIT-7071,Pit,,,-14.532089,132.398589,Active,"Easting=219533.08, Northing=9173175.7, PitType=nan"
049f9b7d-1214-4f4e-af2d-dd0c4f8f5089,86e28873-4287-4ae2-bc9e-709e974ed661,PIT-7074,Pit,,,-14.5253,132.397383,Active,"Easting=219394.45, Northing=9173579.19, PitType=nan"
6fd31db2-f5b3-4ca4-b3f5-ecd6ed976db6,86e28873-4287-4ae2-bc9e-709e974ed661,PIT-7075,Pit,,,-14.525586,132.3974,Active,"Easting=219396.61, Northing=9173562.19, PitType=nan"
47dbed1f-423b-419c-b932-377f7cd32436,86e28873-4287-4ae2-bc9e-709e974ed661,PIT-7076,Pit,,,-14.526128,132.397339,Active,"Easting=219390.7, Northing=9173530.0, PitType=nan"
5640d483-ddae-49e9-b3c9-08e39d18054d,86e28873-4287-4ae2-bc9e-709e974ed661,PIT-7077,Pit,,,-14.526411,132.397339,Active,"Easting=219391.06, Northing=9173513.16, PitType=nan"
2348e549-d690-4f69-a489-9e8461deaf4e,86e28873-4287-4ae2-bc9e-709e974ed661,PIT-7078,Pit,,,,,Active,"Easting=nan, Northing=nan, PitType=nan"
42a90c8c-cf38-4c6f-abad-96ea0415638c,86e28873-4287-4ae2-bc9e-709e974ed661,PIT-8505,Pit,,,-14.527878,132.396269,Active,"Easting=219277.54, Northing=9173426.0, PitType=nan"
8386ac78-7c07-4100-aa27-9892a36c4a48,86e28873-4287-4ae2-bc9e-709e974ed661,PIT-8506,Pit,,,-14.527878,132.396775,Active,"Easting=219332.08, Northing=9173425.99, PitType=nan"
558a2467-ac75-4022-94a5-930164a15add,86e28873-4287-4ae2-bc9e-709e974ed661,PIT-8508,Pit,,,-14.528511,132.395736,Active,"Easting=219220.8, Northing=9173388.36, PitType=nan"
48ea78af-a924-4866-b4e8-28c378f31caf,86e28873-4287-4ae2-bc9e-709e974ed661,PIT-8511,Pit,,,-14.529486,132.394914,Active,"Easting=219133.33, Northing=9173330.42, PitType=nan"
d21ac01f-b462-4111-9914-20c106fbbece,86e28873-4287-4ae2-bc9e-709e974ed661,PIT-8512,Pit,,,-14.529708,132.395722,Active,"Easting=219220.82, Northing=9173317.21, PitType=nan"
eb72558b-4a4d-4489-825b-615dc4cd4e89,86e28873-4287-4ae2-bc9e-709e974ed661,PIT-8513,Pit,,,-14.529656,132.396119,Active,"Easting=219263.6, Northing=9173320.34, PitType=nan"
b67118f2-e157-4cc2-b8b8-45d59a55895d,86e28873-4287-4ae2-bc9e-709e974ed661,PIT-8546,Pit,,,-14.530428,132.396958,Active,"Easting=219355.08, Northing=9173274.44, PitType=nan"
cd9ecc44-20b2-4d86-84e3-593098677929,86e28873-4287-4ae2-bc9e-709e974ed661,PIT-8547,Pit,,,-14.530711,132.397278,Active,"Easting=219389.9, Northing=9173257.59, PitType=nan"
e7217013-0782-4e63-ae9e-e25678963cc2,86e28873-4287-4ae2-bc9e-709e974ed661,PIT-8548,Pit,,,,,Active,"Easting=nan, Northing=nan, PitType=nan"
a28c798c-0781-40cf-8c40-03ece1c9a16a,86e28873-4287-4ae2-bc9e-709e974ed661,PIT-8572,Pit,,,-14.528125,132.397553,Active,"Easting=219416.3, Northing=9173411.3, PitType=nan"
b413e57d-bc70-461c-b688-1d57ae0721fc,86e28873-4287-4ae2-bc9e-709e974ed661,PIT-8573,Pit,,,-14.527764,132.397689,Active,"Easting=219430.53, Northing=9173432.76, PitType=nan"
0869e8e1-a5f5-424b-9d37-99c49e206675,86e28873-4287-4ae2-bc9e-709e974ed661,PIT-8574,Pit,,,-14.528161,132.397431,Active,"Easting=219403.16, Northing=9173409.15, PitType=nan"
38e94b74-14ab-4cf2-8848-0bcdf027d923,86e28873-4287-4ae2-bc9e-709e974ed661,PIT-8575,Pit,,,-14.527697,132.397247,Active,"Easting=219382.79, Northing=9173436.72, PitType=nan"
8735c62f-ef34-496e-a29f-36114e25e51b,86e28873-4287-4ae2-bc9e-709e974ed661,PIT-8577,Pit,,,-14.527225,132.397308,Active,"Easting=219388.79, Northing=9173464.79, PitType=nan"
10c67c97-fff2-4bd5-b16f-d0ff73adc7c3,86e28873-4287-4ae2-bc9e-709e974ed661,PIT-8578,Pit,,,-14.5269,132.397369,Active,"Easting=219394.97, Northing=9173484.1, PitType=nan"
3b4046e9-4897-407c-b9ed-99c7829206f0,86e28873-4287-4ae2-bc9e-709e974ed661,PIT-8581,Pit,,,-14.526889,132.397567,Active,"Easting=219416.24, Northing=9173484.76, PitType=nan"
a2e58d1b-216c-4e6b-b9aa-ffbb62b95b7a,86e28873-4287-4ae2-bc9e-709e974ed661,PIT-8582,Pit,,,-14.527025,132.397675,Active,"Easting=219428.09, Northing=9173476.67, PitType=nan"
5df13ee6-af4a-4fe8-bee1-5db257e59b92,86e28873-4287-4ae2-bc9e-709e974ed661,PIT-8583,Pit,,,-14.526956,132.398378,Active,"Easting=219503.82, Northing=9173480.79, PitType=nan"
713ff186-c400-4a50-90b6-00132b96d91d,86e28873-4287-4ae2-bc9e-709e974ed661,PIT-8597,Pit,,,-14.525944,132.399017,Active,"Easting=219571.47, Northing=9173540.88, PitType=nan"
958ca88f-1611-4d4e-9f78-74cb38d3c5ac,86e28873-4287-4ae2-bc9e-709e974ed661,PIT-8598,Pit,,,-14.525422,132.399108,Active,"Easting=219580.7, Northing=9173571.92, PitType=nan"
2feef294-da37-4781-9394-6682513f394f,86e28873-4287-4ae2-bc9e-709e974ed661,PIT-ILSS 033,Pit,,,-14.519281,132.382447,Active,"Easting=217775.46, Northing=9173937.05, PitType=nan"
b0e503be-7a83-44f4-875c-19abc106a0c3,86e28873-4287-4ae2-bc9e-709e974ed661,PIT-ILSS 151,Pit,,,-14.531167,132.389983,Active,"Easting=218603.55, Northing=9173230.57, PitType=nan"
8e8a401e-0402-4c14-bf3d-83869d9868f8,86e28873-4287-4ae2-bc9e-709e974ed661,PIT-ILSS 193,Pit,,,-14.507239,132.395247,Active,"Easting=219141.19, Northing=9174652.53, PitType=nan"
bdd6fb4f-25ff-4cab-8d63-47ae59a624e5,86e28873-4287-4ae2-bc9e-709e974ed661,PIT-ILSS 194,Pit,,,-14.508181,132.394883,Active,"Easting=219103.12, Northing=9174596.58, PitType=nan"
84440e07-d5ef-425e-9f40-95475caf81c2,86e28873-4287-4ae2-bc9e-709e974ed661,PIT-ILSS165,Pit,,,,,Active,"Easting=nan, Northing=nan, PitType=nan"
1dcaaa7b-ce73-4c04-9f6a-2b613e254320,86e28873-4287-4ae2-bc9e-709e974ed661,PIT-ILSS167,Pit,,,,,Active,"Easting=nan, Northing=nan, PitType=nan"
79813c47-d7a3-47b2-b10e-9f31c512a696,86e28873-4287-4ae2-bc9e-709e974ed661,PIT-ILSS172,Pit,,,,,Active,"Easting=nan, Northing=nan, PitType=nan"
53255830-5bca-4cba-971b-f6388075e328,86e28873-4287-4ae2-bc9e-709e974ed661,RAAF/TIN/1073/01,Cabinet,G1073,,,,Active,DPN; Wall/Floor=Floor; Compliant?=NO; Replace?=YES
adc42dec-fbdb-46b9-bbe4-27119fd63a83,86e28873-4287-4ae2-bc9e-709e974ed661,RAAF/TIN/505/01,Cabinet,D0505,,,,Active,DPN; Wall/Floor=nan; Compliant?=NO; Replace?=YES
50802c40-1c67-41f2-8860-89fedf2adb0b,86e28873-4287-4ae2-bc9e-709e974ed661,RAAF/TIN/519/01,Cabinet,D0519,,,,Active,DPN; Wall/Floor=WALL; Compliant?=NO; Replace?=YES
5f195e5e-bc08-493c-8956-ca27291c739f,86e28873-4287-4ae2-bc9e-709e974ed661,RAAF/TIN/521/01,Cabinet,D0521,,,,Active,DPN; Wall/Floor=WALL; Compliant?=NO; Replace?=YES
b50f0ff7-ed94-469e-904b-0b4cc510374b,86e28873-4287-4ae2-bc9e-709e974ed661,RAAF/TIN/532/01,Cabinet,D0532,,,,Active,DPN; Wall/Floor=Floor; Compliant?=YES; Replace?=NO
8d16954a-5b99-405b-aef9-c1cbfc58cc7b,86e28873-4287-4ae2-bc9e-709e974ed661,RAAF/TIN/540/01,Cabinet,D0540,,,,Active,DPN; Wall/Floor=WALL; Compliant?=NO; Replace?=YES
03e78277-8981-4477-b5ba-aa910ba294d4,86e28873-4287-4ae2-bc9e-709e974ed661,RAAF/TIN/551/01,Cabinet,D0551,,,,Active,DPN; Wall/Floor=WALL; Compliant?=nan; Replace?=nan
82017d3e-18c2-42f3-9356-76705207faa9,86e28873-4287-4ae2-bc9e-709e974ed661,RAAF/TIN/560/01,Cabinet,D0560,,,,Active,DPN; Wall/Floor=Floor; Compliant?=NO; Replace?=YES
6ffc587d-1d7a-4a6d-aca0-ee8f9902eb68,86e28873-4287-4ae2-bc9e-709e974ed661,RAAF/TIN/611/01,Cabinet,D0611,,,,Active,DPN; Wall/Floor=WALL; Compliant?=NO; Replace?=YES
4b18b5a9-5192-43bf-8cdf-2170c18f2541,86e28873-4287-4ae2-bc9e-709e974ed661,RAAF/TIN/621/01,Cabinet,D0621,,,,Active,DPN; Wall/Floor=WALL; Compliant?=NO; Replace?=YES
fb7deb73-754d-4bda-a4bf-49a474229c2a,86e28873-4287-4ae2-bc9e-709e974ed661,RAAF/TIN/631/01,Cabinet,D0631,,,,Active,DPN; Wall/Floor=WALL; Compliant?=NO; Replace?=YES
3ae2d646-c534-4532-adeb-87f2e4820a45,86e28873-4287-4ae2-bc9e-709e974ed661,RAAF/TIN/641/01,Cabinet,D0641,,,,Active,DPN; Wall/Floor=WALL; Compliant?=NO; Replace?=YES
4fcdebc1-7ffe-4089-9263-c0dad416922a,86e28873-4287-4ae2-bc9e-709e974ed661,RAAF/TIN/651/01,Cabinet,D0651,,,,Active,DPN; Wall/Floor=WALL; Compliant?=NO; Replace?=YES
ddc4ca53-5df3-4382-bdb7-a66eb1fce87e,86e28873-4287-4ae2-bc9e-709e974ed661,RAAF/TIN/661/01,Cabinet,D0661,,,,Active,DPN; Wall/Floor=WALL; Compliant?=NO; Replace?=YES
d56b8e37-5a0e-4817-90f1-ee362b8faca7,86e28873-4287-4ae2-bc9e-709e974ed661,RAAF/TIN/671/01,Cabinet,D0671,,,,Active,DPN; Wall/Floor=WALL; Compliant?=NO; Replace?=YES
5047246e-6d0b-44dc-8d30-9b7c45122396,86e28873-4287-4ae2-bc9e-709e974ed661,RAAF/TIN/681/01,Cabinet,D0681,,,,Active,DPN; Wall/Floor=WALL; Compliant?=NO; Replace?=YES
f763fd24-c970-42dc-94cd-c324669a238b,86e28873-4287-4ae2-bc9e-709e974ed661,RAAF/TIN/691/01,Cabinet,D0691,,,,Active,DPN; Wall/Floor=WALL; Compliant?=NO; Replace?=YES
ebfba204-0297-44b6-af2a-59043e2347f2,86e28873-4287-4ae2-bc9e-709e974ed661,RAAF/TIN/701/01,Cabinet,D0701,,,,Active,DPN; Wall/Floor=WALL; Compliant?=NO; Replace?=YES
4c9b96bd-eba6-4db8-a9bc-a897fae00c1e,86e28873-4287-4ae2-bc9e-709e974ed661,RAAF/TIN/711/01,Cabinet,D0711,,,,Active,DPN; Wall/Floor=WALL; Compliant?=NO; Replace?=YES
d9c29968-e876-4659-aab1-a242cdabffef,86e28873-4287-4ae2-bc9e-709e974ed661,RAAF/TIN/721/01,Cabinet,D0721,,,,Active,DPN; Wall/Floor=WALL; Compliant?=NO; Replace?=YES
79c08ba8-c409-40ef-8b60-e035e426a4ef,86e28873-4287-4ae2-bc9e-709e974ed661,TIN-460-G-5-01,Cabinet,C0460,,,,Active,DPN; Wall/Floor=nan; Compliant?=YES; Replace?=NO
ae4e203d-3478-460e-81bd-7c7c53a2c7d3,86e28873-4287-4ae2-bc9e-709e974ed661,TIN-461-G-110-01,Cabinet,C0461,,,,Active,DPN; Wall/Floor=nan; Compliant?=YES; Replace?=NO
6ab559e8-d65d-4aca-a171-444cde00e17e,86e28873-4287-4ae2-bc9e-709e974ed661,TIN-524-G-?-1,Cabinet,D0524,,,,Active,DPN; Wall/Floor=Floor; Compliant?=YES; Replace?=NO
